<?xml version="1.0" encoding="UTF-8" standalone="no"?>
<MD_Metadata xmlns="http://www.isotc211.org/2005/gmd" xmlns:gco="http://www.isotc211.org/2005/gco" xmlns:gmd="http://www.isotc211.org/2005/gmd" xmlns:gml="http://www.opengis.net/gml" xmlns:xlink="http://www.w3.org/1999/xlink" xmlns:xsi="http://www.w3.org/2001/XMLSchema-instance" xsi:schemaLocation="http://www.isotc211.org/2005/gmd http://www.isotc211.org/2005/gmd/gmd.xsd      http://www.opengis.net/gml http://www.isotc211.org/2005/gml/gml.xsd      http://www.w3.org/1999/xlink http://www.isotc211.org/2005/xlink/xlinks.xsd">
        
    <fileIdentifier>
                
        <gco:CharacterString>{73AF873F-58C9-EDB4-764F-36A6BB08E424}</gco:CharacterString>
            
    </fileIdentifier>
        
    <language>
                
        <gco:CharacterString>eng</gco:CharacterString>
            
    </language>
        
    <characterSet>
                
        <MD_CharacterSetCode codeList="http://www.isotc211.org/2005/resources/Codelist/gmxCodelists.xml#MD_CharacterSetCode" codeListValue="utf8"/>
            
    </characterSet>
        
    <parentIdentifier>
                
        <gco:CharacterString>x</gco:CharacterString>
            
    </parentIdentifier>
        
    <hierarchyLevel>
                
        <MD_ScopeCode codeList="http://www.isotc211.org/2005/resources/Codelist/gmxCodelists.xml#MD_ScopeCode" codeListValue="dataset">dataset</MD_ScopeCode>
            
    </hierarchyLevel>
        
    
    <contact>
                
        <CI_ResponsibleParty id="metadataContact">
                        
            <organisationName>
                                
                <gco:CharacterString>Department of Resources</gco:CharacterString>
                            
            </organisationName>
                        
            <positionName>
                                
                <gco:CharacterString>Senior Spatial Information Officer</gco:CharacterString>
                            
            </positionName>
                        
            <contactInfo>
                                
                <CI_Contact>
                                        
                    <phone>
                                                
                        <CI_Telephone>
                                                        
                            <voice>
                                                                
                                <gco:CharacterString>61 7 3078 3062</gco:CharacterString>
                                                            
                            </voice>
                                                    
                        </CI_Telephone>
                                            
                    </phone>
                                        
                    <address>
                                                
                        <CI_Address>
                                                        
                            
                            
                            
                            
                            
                            <electronicMailAddress>
                                                                
                                <gco:CharacterString>support@spatial-qld-support.atlassian.net</gco:CharacterString>
                                                            
                            </electronicMailAddress>
                                                    
                        </CI_Address>
                                            
                    </address>
                                        
                
                </CI_Contact>
                            
            </contactInfo>
                        
            <role>
                                
                <CI_RoleCode codeList="http://www.isotc211.org/2005/resources/Codelist/gmxCodelists.xml#CI_RoleCode" codeListValue="pointOfContact">pointOfContact</CI_RoleCode>
                            
            </role>
                    
        </CI_ResponsibleParty>
            
    </contact>
        
    <dateStamp>
                
        <gco:Date>2012-12-06</gco:Date>
            
    </dateStamp>
        
    <metadataStandardName>
                
        <gco:CharacterString>ISO 19115:2005, ANZLIC ISO 1.1</gco:CharacterString>
            
    </metadataStandardName>
        
    <metadataStandardVersion>
                
        <gco:CharacterString>QGIS</gco:CharacterString>
            
    </metadataStandardVersion>
        
    <referenceSystemInfo>
                
        <MD_ReferenceSystem id="coordRefSystem">
                        
            <referenceSystemIdentifier>
                                
                <RS_Identifier>
                                        
                    <authority>
                                                
                        <CI_Citation>
                                                        
                            <title>
                                                                
                                <gco:CharacterString>EPSG Geodetic Parameter
                                Dataset</gco:CharacterString>
                                                            
                            </title>
                                                        
                            <date>
                                                                
                                <CI_Date>
                                                                        
                                    <date>
                                                                                
                                        <gco:Date>2007-07-16</gco:Date>
                                                                            
                                    </date>
                                                                        
                                    <dateType>
                                                                                
                                        <CI_DateTypeCode codeList="http://www.isotc211.org/2005/resources/Codelist/gmxCodelists.xml#CI_DateTypeCode" codeListValue="revision">revision </CI_DateTypeCode>
                                                                            
                                    </dateType>
                                                                    
                                </CI_Date>
                                                            
                            </date>
                                                        
                            <edition>
                                                                
                                <gco:CharacterString>Version 6.13</gco:CharacterString>
                                                            
                            </edition>
                                                    
                        </CI_Citation>
                                            
                    </authority>
                                        
                    <code>
                                                
                        <gco:CharacterString>EPSG:4938</gco:CharacterString>
                                            
                    </code>
                                    
                </RS_Identifier>
                            
            </referenceSystemIdentifier>
                    
        </MD_ReferenceSystem>
            
    </referenceSystemInfo>
        
    
    
    
    <identificationInfo>
                
        <MD_DataIdentification>
                        
            <citation>
                                
                <CI_Citation>
                                        
                    <title>
                                                
                        <gco:CharacterString>Locality boundaries - Queensland</gco:CharacterString>
                                            
                    </title>
                                        
                    <alternateTitle>
                                                
                        <gco:CharacterString>Locality Boundaries</gco:CharacterString>
                                            
                    </alternateTitle>
                                        
                    <date>
                                                
                        <CI_Date>
                                                        
                            <date>
                                                                
                                <gco:Date>2025-04-14</gco:Date>
                                                            
                            </date>
                                                        
                            <dateType>
                                                                
                                <CI_DateTypeCode codeList="http://www.isotc211.org/2005/resources/Codelist/gmxCodelists.xml#CI_DateTypeCode" codeListValue="publication"/>
                                                            
                            </dateType>
                                                    
                        </CI_Date>
                                            
                    </date>
                                        
                    
                    
                    
                    <citedResponsibleParty>
                                                
                        <CI_ResponsibleParty id="resourceCustodian">
                                                        
                            <organisationName>
                                                                
                                <gco:CharacterString>Department of Resources</gco:CharacterString>
                                                            
                            </organisationName>
                                                        
                            <positionName>
                                                                
                                <gco:CharacterString>Executive Director, Spatial Information</gco:CharacterString>
                                                            
                            </positionName>
                                                        
                            <contactInfo>
                                                                
                                <CI_Contact>
                                                                        
                                    <onlineResource>
                                                                                
                                        <CI_OnlineResource>
                                                                                        
                                            <linkage>
                                                                                                
                                                <URL>https://spatial-gis.information.qld.gov.au/arcgis/rest/services/Boundaries/AdminBoundariesFramework/MapServer</URL>
                                                                                            
                                            </linkage>
                                                                                    
                                        </CI_OnlineResource>
                                                                            
                                    </onlineResource>
                                                                
                                
                                </CI_Contact>
                                                            
                            </contactInfo>
                                                        
                            <role>
                                                                
                                <CI_RoleCode codeList="http://www.isotc211.org/2005/resources/Codelist/gmxCodelists.xml#CI_RoleCode" codeListValue="custodian">custodian</CI_RoleCode>
                                                            
                            </role>
                                                    
                        </CI_ResponsibleParty>
                                            
                    </citedResponsibleParty>
                                        
                    <citedResponsibleParty>
                                                
                        <CI_ResponsibleParty id="resourceOwner">
                                                        
                            <organisationName>
                                                                
                                <gco:CharacterString>Department of Resources</gco:CharacterString>
                                                            
                            </organisationName>
                                                        
                            <positionName>
                                                                
                                <gco:CharacterString>Manager, Location Data, Spatial Data, Spatial Information</gco:CharacterString>
                                                            
                            </positionName>
                                                        
                            <role>
                                                                
                                <CI_RoleCode codeList="http://www.isotc211.org/2005/resources/Codelist/gmxCodelists.xml#CI_RoleCode" codeListValue="owner">owner</CI_RoleCode>
                                                            
                            </role>
                                                    
                        </CI_ResponsibleParty>
                                            
                    </citedResponsibleParty>
                                        
                    
                    
                    
                    
                
                </CI_Citation>
                            
            </citation>
                        
            <abstract>
                                
                <gco:CharacterString>The locality boundaries dataset is the spatial representation of bounded localities (includes suburbs) of Queensland.  These are the official locality names and boundaries used for addressing.</gco:CharacterString>
                            
            </abstract>
                        
            
            <status>
                                
                <MD_ProgressCode codeList="http://www.isotc211.org/2005/resources/Codelist/gmxCodelists.xml#MD_ProgressCode" codeListValue="completed">completed</MD_ProgressCode>
                            
            </status>
                        
            <pointOfContact>
                                
                <CI_ResponsibleParty>
                                        
                    <organisationName>
                                                
                        <gco:CharacterString>Department of Resources</gco:CharacterString>
                                            
                    </organisationName>
                                        
                    <positionName>
                                                
                        <gco:CharacterString>Senior Spatial Information Officer</gco:CharacterString>
                                            
                    </positionName>
                                        
                    <contactInfo>
                                                
                        <CI_Contact>
                                                        
                            <phone>
                                                                
                                <CI_Telephone>
                                                                        
                                    <voice>
                                                                                
                                        <gco:CharacterString>61 7 3078 3062</gco:CharacterString>
                                                                            
                                    </voice>
                                                                    
                                </CI_Telephone>
                                                            
                            </phone>
                                                        
                            <address>
                                                                
                                <CI_Address>
                                                                        
                                    
                                    
                                    
                                    
                                    
                                    <electronicMailAddress>
                                                                                
                                        <gco:CharacterString>support@spatial-qld-support.atlassian.net</gco:CharacterString>
                                                                            
                                    </electronicMailAddress>
                                                                    
                                </CI_Address>
                                                            
                            </address>
                                                                                    
                        
                        </CI_Contact>
                                            
                    </contactInfo>
                                        
                    <role>
                                                
                        <CI_RoleCode codeList="http://www.isotc211.org/2005/resources/Codelist/gmxCodelists.xml#CI_RoleCode" codeListValue="pointOfContact"/>
                                            
                    </role>
                                    
                </CI_ResponsibleParty>
                            
            </pointOfContact>
                        
            <resourceMaintenance>
                                
                <MD_MaintenanceInformation>
                                        
                    <maintenanceAndUpdateFrequency>
                                                
                        <MD_MaintenanceFrequencyCode codeList="http://www.isotc211.org/2005/resources/Codelist/gmxCodelists.xml#MD_MaintenanceFrequencyCode" codeListValue="continual"/>
                                            
                    </maintenanceAndUpdateFrequency>
                                        
                
                </MD_MaintenanceInformation>
                            
            </resourceMaintenance>
                        
            
            <resourceFormat>
                                
                <MD_Format>
                                        
                    <name>
                                                
                        <gco:CharacterString>SHP, TAB, FGDB, KMZ, GPKG</gco:CharacterString>
                                            
                    </name>
                                        
                    <version>
                                                
                        <gco:CharacterString>1</gco:CharacterString>
                                            
                    </version>
                                    
                </MD_Format>
                            
            </resourceFormat>
                        
            <descriptiveKeywords>
                                
                <MD_Keywords id="ThemeAnzlicThesaurus">
                                        
                    <keyword>
                                                
                        <gco:CharacterString>BOUNDARIES-Administrative</gco:CharacterString>
                                            
                    </keyword>
                    <keyword>
                                                
                        <gco:CharacterString>LAND-Cadastre</gco:CharacterString>
                                            
                    </keyword>
                                        
                    <type>
                                                
                        <MD_KeywordTypeCode codeList="http://www.isotc211.org/2005/resources/Codelist/gmxCodelists.xml#MD_KeywordTypeCode" codeListValue="theme">theme</MD_KeywordTypeCode>
                                            
                    </type>
                                        
                    <thesaurusName>
                                                
                        <CI_Citation>
                                                        
                            <title>
                                                                
                                <gco:CharacterString>ANZLIC Search Words</gco:CharacterString>
                                                            
                            </title>
                                                        
                            <date>
                                                                
                                <CI_Date>
                                                                        
                                    <date gco:nilReason="unknown"/>
                                                                        
                                    <dateType>
                                                                                
                                        <CI_DateTypeCode codeList="http://www.isotc211.org/2005/resources/Codelist/gmxCodelists.xml#CI_DateTypeCode" codeListValue="publication">publication</CI_DateTypeCode>
                                                                            
                                    </dateType>
                                                                    
                                </CI_Date>
                                                            
                            </date>
                                                    
                        </CI_Citation>
                                            
                    </thesaurusName>
                                    
                </MD_Keywords>
                            
            </descriptiveKeywords>
                        
            
            <descriptiveKeywords>
                                
                <MD_Keywords id="ThemeOtherThesaurus">
                                        
                    <keyword>
                                                
                        <gco:CharacterString>cadastre</gco:CharacterString>
                                            
                    </keyword>
                    <keyword>
                                                
                        <gco:CharacterString>cadastral</gco:CharacterString>
                                            
                    </keyword>
                    <keyword>
                                                
                        <gco:CharacterString>digital cadastral database</gco:CharacterString>
                                            
                    </keyword>
                    <keyword>
                                                
                        <gco:CharacterString>DCDB</gco:CharacterString>
                                            
                    </keyword>
                    <keyword>
                                                
                        <gco:CharacterString>planning cadastre</gco:CharacterString>
                                            
                    </keyword>
                    <keyword>
                                                
                        <gco:CharacterString>spatial cadastre</gco:CharacterString>
                                            
                    </keyword>
                    <keyword>
                                                
                        <gco:CharacterString>boundaries</gco:CharacterString>
                                            
                    </keyword>
                    <keyword>
                                                
                        <gco:CharacterString>locality</gco:CharacterString>
                                            
                    </keyword>
                    <keyword>
                                                
                        <gco:CharacterString>suburb</gco:CharacterString>
                                            
                    </keyword>
                                        
                    <type>
                                                
                        <MD_KeywordTypeCode codeList="http://www.isotc211.org/2005/resources/Codelist/gmxCodelists.xml#MD_KeywordTypeCode" codeListValue="theme">theme</MD_KeywordTypeCode>
                                            
                    </type>
                                        
                    <thesaurusName>
                                                
                        <CI_Citation>
                                                        
                            <title>
                                                                
                                <gco:CharacterString>common name</gco:CharacterString>
                                                            
                            </title>
                                                        
                            <date>
                                                                
                                <CI_Date>
                                                                        
                                    <date gco:nilReason="unknown"/>
                                                                        
                                    <dateType>
                                                                                
                                        <CI_DateTypeCode codeList="http://www.isotc211.org/2005/resources/Codelist/gmxCodelists.xml#CI_DateTypeCode" codeListValue="publication">publication</CI_DateTypeCode>
                                                                            
                                    </dateType>
                                                                    
                                </CI_Date>
                                                            
                            </date>
                                                        
                            <otherCitationDetails>
                                                                
                                <gco:CharacterString>Theme keywords input by metadata
                                publisher</gco:CharacterString>
                                                            
                            </otherCitationDetails>
                                                    
                        </CI_Citation>
                                            
                    </thesaurusName>
                                    
                </MD_Keywords>
                            
            </descriptiveKeywords>
                        
            
            <resourceConstraints>
                                
                <MD_SecurityConstraints>
                                        
                    
                    <classification>
                                                
                        <MD_ClassificationCode codeList="http://www.isotc211.org/2005/resources/Codelist/gmxCodelists.xml#MD_ClassificationCode" codeListValue="unclassified">unclassified</MD_ClassificationCode>
                                            
                    </classification>
                                        
                    <classificationSystem>
                                                
                        <gco:CharacterString>Resource Access Level</gco:CharacterString>
                                            
                    </classificationSystem>
                                    
                </MD_SecurityConstraints>
                            
            </resourceConstraints>
                        
            <resourceConstraints>
                                
                <MD_LegalConstraints>
                                        
                    <useLimitation>
                                                
                        <gco:CharacterString>&amp;copy State of Queensland (Department of Resources) 2023</gco:CharacterString>
                                            
                    </useLimitation>
                                        
                    <useConstraints>
                                                
                        <MD_RestrictionCode codeList="http://www.isotc211.org/2005/resources/Codelist/gmxCodelists.xml#MD_RestrictionCode" codeListValue="copyright">copyright</MD_RestrictionCode>
                                            
                    </useConstraints>
                                    
                </MD_LegalConstraints>
                            
            </resourceConstraints>
                        
            <resourceConstraints>
                                
                <MD_LegalConstraints>
                                        
                    <useLimitation>
                                                
                        <gco:CharacterString>This material is licensed under a &lt;a rel="license" href="http://creativecommons.org/licenses/by/4.0/"&gt;Creative Commons - Attribution 4.0 International&lt;/a&gt; licence.&lt;br /&gt; &lt;a rel="license" href="http://creativecommons.org/licenses/by/4.0/"&gt;&lt;img alt="Creative Commons License" title="Creative Commons - Attribution 4.0 International License" style="border: 0;" src="https://licensebuttons.net/l/by/4.0/88x31.png" /&gt;&lt;/a&gt;&lt;br /&gt; The Department of Resources requests attribution in the following manner:&lt;br /&gt; &amp;copy State of Queensland (Department of Resources) 2023. Updated data available at http://qldspatial.information.qld.gov.au/catalogue/.</gco:CharacterString>
                                            
                    </useLimitation>
                                        
                    <useConstraints>
                                                
                        <MD_RestrictionCode codeList="http://www.isotc211.org/2005/resources/Codelist/gmxCodelists.xml#MD_RestrictionCode" codeListValue="license">license</MD_RestrictionCode>
                                            
                    </useConstraints>
                                    
                </MD_LegalConstraints>
                            
            </resourceConstraints>
                        
            
            
            
            
            <aggregationInfo>
                                
                <MD_AggregateInformation>
                                        
                    <aggregateDataSetIdentifier>
                                                
                        <MD_Identifier>
                                                        
                            <code>
                                                                
                                <gco:CharacterString>PROP.QLD_LOCALITYBDY_DCDB</gco:CharacterString>
                                                            
                            </code>
                                                    
                        </MD_Identifier>
                                            
                    </aggregateDataSetIdentifier>
                                        
                    <associationType>
                                                
                        <DS_AssociationTypeCode codeList="http://www.isotc211.org/2005/resources/Codelist/gmxCodelists.xml#DS_AssociationTypeCode" codeListValue="source">source</DS_AssociationTypeCode>
                                            
                    </associationType>
                                    
                </MD_AggregateInformation>
                            
            </aggregationInfo>
                        
            <spatialRepresentationType>
                                
                <MD_SpatialRepresentationTypeCode codeList="http://www.isotc211.org/2005/resources/Codelist/gmxCodelists.xml#MD_SpatialRepresentationTypeCode" codeListValue="vector">vector</MD_SpatialRepresentationTypeCode>
                            
            </spatialRepresentationType>
                        
            
            <language>
                                
                <gco:CharacterString>eng</gco:CharacterString>
                            
            </language>
                        
            <characterSet gco:nilReason="unknown"/>
                        
            <topicCategory>
                                
                <MD_TopicCategoryCode>boundaries</MD_TopicCategoryCode>
                            
            </topicCategory>
                        
            <environmentDescription>
                                
                <gco:CharacterString>Spatial Information Resource</gco:CharacterString>
                            
            </environmentDescription>
                        
            <extent>
                                
                <EX_Extent>
                                        
                    <geographicElement>
                                                
                        <EX_GeographicBoundingBox>
                                                        
                            <westBoundLongitude>
                                                                
                                <gco:Decimal>138.000</gco:Decimal>
                                                            
                            </westBoundLongitude>
                                                        
                            <eastBoundLongitude>
                                                                
                                <gco:Decimal>155.000</gco:Decimal>
                                                            
                            </eastBoundLongitude>
                                                        
                            <southBoundLatitude>
                                                                
                                <gco:Decimal>-29.500</gco:Decimal>
                                                            
                            </southBoundLatitude>
                                                        
                            <northBoundLatitude>
                                                                
                                <gco:Decimal>-9.000</gco:Decimal>
                                                            
                            </northBoundLatitude>
                                                    
                        </EX_GeographicBoundingBox>
                                            
                    </geographicElement>
                                        
                    
                    
                    <temporalElement>
                                                
                        <EX_TemporalExtent>
                                                        
                            <extent>
                                                                
                                <gml:TimePeriod frame="#ISO-8601" gml:id="timePeriod1">
                                                                        
                                    <gml:beginPosition>2012</gml:beginPosition>
                                                                        
                                    <gml:endPosition indeterminatePosition="unknown">2023</gml:endPosition>
                                                                    
                                </gml:TimePeriod>
                                                            
                            </extent>
                                                    
                        </EX_TemporalExtent>
                                            
                    </temporalElement>
                                    
                </EX_Extent>
                            
            </extent>
                        
            <supplementalInformation>
                                
                <gco:CharacterString>From the 30 November 2015, there will no longer be reference to Parishes and Counties in the Department's land information systems, including the Digital Cadastral Database (DCDB) – a computerised map of property boundaries and related description of all land parcels in Queensland. &#13;
&#13;
The Department of Resources will retain a record of parishes and counties for historical purposes. The Museum of Lands, Mapping and Surveying provides historical information about parishes and counties and the historical parish directory is available online.&#13;
If you obtain information or products from QSpatial, either the information will no longer contain parish and county details, or the parish and county fields will contain the words ‘no longer used’.&#13;
&#13;
DISCLAIMER: Users of the information recorded in this document (the Information) accept all responsibility and risk associated with the use of the Information and should seek independent professional advice in relation to dealings with property. Despite the department's best efforts, it makes no representations or warranties in relation to the Information, and, to the extent permitted by law, exclude or limit all warranties relating to correctness, accuracy, reliability, completeness or currency and all liability for any direct, indirect and consequential costs, losses, damages and expenses incurred in any way (including but not limited to that arising from negligence) in connection with any use of or reliance on the Information.&#13;
&#13;
All of the unofficial locality polygons that are within the “Queensland Extent” area will be renamed to ‘External Locality’ as they are not located inside any Qld jurisdiction area. All of the other unofficial locality polygons that fall within an official LGA area will be renamed to ‘Unnamed Locality’. The exception to the above is the official locality of Moreton Bay, part of which falls outside of the Brisbane City LGA but is still a gazetted locality of Brisbane City. This part will remain named as ‘Moreton Bay’ (LOC 5785) in the DCDB and is merged with LOC 5788 (Moreton Bay within BCC) into one polygon in the Locality Boundaries dataset.</gco:CharacterString>
                            
            </supplementalInformation>
                    
        </MD_DataIdentification>
            
    </identificationInfo>
        
    <distributionInfo>
                
        <MD_Distribution>
                        
            <distributionFormat>
                                
                <MD_Format id="DownloadService">
                                        
                    <name>
                                                
                        <gco:CharacterString>Queensland Spatial Catalogue</gco:CharacterString>
                                            
                    </name>
                                        
                    <version gco:nilReason="inapplicable"/>
                                        
                    <specification>
                                                
                        <gco:CharacterString>Download Service</gco:CharacterString>
                                            
                    </specification>
                                        
                    <formatDistributor>
                                                
                        <MD_Distributor>
                                                        
                            <distributorContact>
                                                                
                                <CI_ResponsibleParty>
                                                                        
                                    <organisationName>
                                                                                
                                        <gco:CharacterString>Department of Resources</gco:CharacterString>
                                                                            
                                    </organisationName>
                                                                        
                                    <role>
                                                                                
                                        <CI_RoleCode codeList="http://www.isotc211.org/2005/resources/Codelist/gmxCodelists.xml#CI_RoleCode" codeListValue="resourceProvider">resourceProvider</CI_RoleCode>
                                                                            
                                    </role>
                                                                    
                                </CI_ResponsibleParty>
                                                            
                            </distributorContact>
                                                        
                            <distributionOrderProcess>
                                                                
                                <MD_StandardOrderProcess>
                                                                        
                                    
                                    <orderingInstructions>
                                                                                
                                        <gco:CharacterString>Open the Queensland Spatial Catalogue (QSpatial). Select the large SEARCH button and all available records are displayed. Select one of the four filter options provided and then the further options within the filter. The resultant search is then displayed. Select your record and complete the order.</gco:CharacterString>
                                                                            
                                    </orderingInstructions>
                                                                    
                                </MD_StandardOrderProcess>
                                                            
                            </distributionOrderProcess>
                                                        
                            <distributorTransferOptions>
                                                                
                                <MD_DigitalTransferOptions>
                                                                        
                                    <onLine>
                                                                                
                                        <CI_OnlineResource id="dns1">
                                                                                        
                                            <linkage>
                                                                                                
                                                <URL>http://qldspatial.information.qld.gov.au/catalogue//</URL>
                                                                                            
                                            </linkage>
                                                                                    
                                        </CI_OnlineResource>
                                                                            
                                    </onLine>
                                                                    
                                </MD_DigitalTransferOptions>
                                                            
                            </distributorTransferOptions>
                                                    
                        </MD_Distributor>
                                            
                    </formatDistributor>
                                    
                </MD_Format>
                            
            </distributionFormat>
                        
            <distributionFormat>
                                
                <MD_Format id="OpenWebServices">
                                        
                    <name>
                                                
                        <gco:CharacterString>Locality boundaries</gco:CharacterString>
                                            
                    </name>
                                        
                    <version gco:nilReason="unknown"/>
                                        
                    <specification>
                                                
                        <gco:CharacterString/>
                                            
                    </specification>
                                        
                    <formatDistributor>
                                                
                        <MD_Distributor>
                                                        
                            <distributorContact>
                                                                
                                <CI_ResponsibleParty>
                                                                        
                                    <organisationName>
                                                                                
                                        <gco:CharacterString>Department of Resources</gco:CharacterString>
                                                                            
                                    </organisationName>
                                                                        
                                    <role>
                                                                                
                                        <CI_RoleCode codeList="http://www.isotc211.org/2005/resources/Codelist/gmxCodelists.xml#CI_RoleCode" codeListValue="resourceProvider">resourceProvider</CI_RoleCode>
                                                                            
                                    </role>
                                                                    
                                </CI_ResponsibleParty>
                                                            
                            </distributorContact>
                                                        
                            <distributionOrderProcess>
                                                                
                                <MD_StandardOrderProcess>
                                                                        
                                    <fees>
                                                                                
                                        <gco:CharacterString>Nil</gco:CharacterString>
                                                                            
                                    </fees>
                                                                        
                                    <orderingInstructions>
                                                                                
                                        <gco:CharacterString>For use in desktop and web applications capable of connecting to Open Geospatial Consortium (OGC) web map service endpoints. &#13;
Some clients append request parameters for the service capabilities file so depending on your client in use you may have to remove the parameters when copying the url below.</gco:CharacterString>
                                                                            
                                    </orderingInstructions>
                                                                    
                                </MD_StandardOrderProcess>
                                                            
                            </distributionOrderProcess>
                                                        
                            <distributorTransferOptions>
                                                                
                                <MD_DigitalTransferOptions>
                                                                        
                                    <onLine>
                                                                                
                                        <CI_OnlineResource id="ows1">
                                                                                        
                                            <linkage>
                                                                                                
                                                <URL>https://spatial-gis.information.qld.gov.au/arcgis/services/Boundaries/AdminBoundariesFramework/MapServer/WMSServer?request=GetCapabilities&amp;service=WMS</URL>
                                                                                            
                                            </linkage>
                                                                                        
                                            <protocol>
                                                                                                
                                                <gco:CharacterString>OGC:WMS-1.3.0-http-get-capabilities</gco:CharacterString>
                                                                                            
                                            </protocol>
                                                                                        
                                            <applicationProfile>
                                                                                                
                                                <gco:CharacterString>Web Map Service version 1.3.0</gco:CharacterString>
                                                                                            
                                            </applicationProfile>
                                                                                        
                                            <name>
                                                                                                
                                                <gco:CharacterString>Localities</gco:CharacterString>
                                                                                            
                                            </name>
                                                                                        
                                            <description>
                                                                                                
                                                <gco:CharacterString>The Locality Boundaries Dataset is the spatial representation of the Localities of Queensland (e.g.: towns, suburbs, cities etc). This dataset is updated monthly to include any gazetted updates or amendments recorded in the Digital Cadastral Database</gco:CharacterString>
                                                                                            
                                            </description>
                                                                                    
                                        </CI_OnlineResource>
                                                                            
                                    </onLine>
                                                                    
                                </MD_DigitalTransferOptions>
                                                            
                            </distributorTransferOptions>
                                                    
                        </MD_Distributor>
                                            
                    </formatDistributor>
                                    
                </MD_Format>
                            
            </distributionFormat>
                        
            <distributionFormat>
                                
                <MD_Format id="ProprietaryWebServices">
                                        
                    <name>
                                                
                        <gco:CharacterString>Locality boundaries</gco:CharacterString>
                                            
                    </name>
                                        
                    <version gco:nilReason="unknown"/>
                                        
                    <formatDistributor>
                                                
                        <MD_Distributor>
                                                        
                            <distributorContact>
                                                                
                                <CI_ResponsibleParty>
                                                                        
                                    <organisationName>
                                                                                
                                        <gco:CharacterString>Department of Resources</gco:CharacterString>
                                                                            
                                    </organisationName>
                                                                        
                                    <role>
                                                                                
                                        <CI_RoleCode codeList="http://www.isotc211.org/2005/resources/Codelist/gmxCodelists.xml#CI_RoleCode" codeListValue="resourceProvider">resourceProvider</CI_RoleCode>
                                                                            
                                    </role>
                                                                    
                                </CI_ResponsibleParty>
                                                            
                            </distributorContact>
                                                        
                            <distributionOrderProcess>
                                                                
                                <MD_StandardOrderProcess>
                                                                        
                                    <fees>
                                                                                
                                        <gco:CharacterString>Nil</gco:CharacterString>
                                                                            
                                    </fees>
                                                                        
                                    <orderingInstructions>
                                                                                
                                        <gco:CharacterString>For use in desktop and web applications capable of connecting to ArcGIS REST map service endpoints.</gco:CharacterString>
                                                                            
                                    </orderingInstructions>
                                                                    
                                </MD_StandardOrderProcess>
                                                            
                            </distributionOrderProcess>
                                                        
                            <distributorTransferOptions>
                                                                
                                <MD_DigitalTransferOptions>
                                                                        
                                    <onLine>
                                                                                
                                        <CI_OnlineResource id="pws1">
                                                                                        
                                            <linkage>
                                                                                                
                                                <URL>https://spatial-gis.information.qld.gov.au/arcgis/rest/services/Boundaries/AdministrativeBoundaries/MapServer</URL>
                                                                                            
                                            </linkage>
                                                                                        
                                            <protocol>
                                                                                                
                                                <gco:CharacterString>WWW:LINK-1.0-http--link</gco:CharacterString>
                                                                                            
                                            </protocol>
                                                                                        
                                            <applicationProfile>
                                                                                                
                                                <gco:CharacterString>ArcGIS REST API</gco:CharacterString>
                                                                                            
                                            </applicationProfile>
                                                                                        
                                            <name>
                                                                                                
                                                <gco:CharacterString>Localities</gco:CharacterString>
                                                                                            
                                            </name>
                                                                                        
                                            <description>
                                                                                                
                                                <gco:CharacterString>The Locality Boundaries Dataset is the spatial representation of the Localities of Queensland (e.g.: towns, suburbs, cities etc). This dataset is updated monthly to include any gazetted updates or amendments recorded in the Digital Cadastral Database</gco:CharacterString>
                                                                                            
                                            </description>
                                                                                    
                                        </CI_OnlineResource>
                                                                            
                                    </onLine>
                                                                    
                                </MD_DigitalTransferOptions>
                                                            
                            </distributorTransferOptions>
                                                    
                        </MD_Distributor>
                                            
                    </formatDistributor>
                                    
                </MD_Format>
                            
            </distributionFormat>
                        
            <distributionFormat>
                                
                <MD_Format id="GptBehaviour">
                                        
                    <name>
                                                
                        <gco:CharacterString>downloadableData</gco:CharacterString>
                                            
                    </name>
                                        
                    <version>
                                                
                        <gco:CharacterString>10.0</gco:CharacterString>
                                            
                    </version>
                                        
                    <specification>
                                                
                        <gco:CharacterString>ESRI ArcGIS Server Geoportal Extension Content Type</gco:CharacterString>
                                            
                    </specification>
                                    
                </MD_Format>
                            
            </distributionFormat>
                        
            <distributor>
                                
                <MD_Distributor id="distributorContact1">
                                        
                    <distributorContact>
                                                
                        <CI_ResponsibleParty>
                                                        
                            <organisationName>
                                                                
                                <gco:CharacterString>Department of Resources</gco:CharacterString>
                                                            
                            </organisationName>
                                                        
                            <positionName>
                                                                
                                <gco:CharacterString>support@spatial-qld-support.atlassian.net</gco:CharacterString>
                                                            
                            </positionName>
                                                        
                            <role>
                                                                
                                <CI_RoleCode codeList="http://www.isotc211.org/2005/resources/Codelist/gmxCodelists.xml#CI_RoleCode" codeListValue="distributor">distributor</CI_RoleCode>
                                                            
                            </role>
                                                    
                        </CI_ResponsibleParty>
                                            
                    </distributorContact>
                                        
                    
                    <distributorFormat>
                                                
                        <MD_Format>
                                                        
                            <name>
                                                                
                                <gco:CharacterString>From the Queensland Spatial Catalogue available as ESRI Shape file SHP, MapInfo Tab file TAB, ESRI file geodatabase FGDB, Google file KMZ, and Geopackage version 1.0, 1.1, or 1.2 file GPKG</gco:CharacterString>
                                                            
                            </name>
                                                        
                            <version gco:nilReason="inapplicable"/>
                                                    
                        </MD_Format>
                                            
                    </distributorFormat>
                                        
                    <distributorTransferOptions>
                                                
                        <MD_DigitalTransferOptions>
                                                        
                            <transferSize>
                                                                
                                <gco:Real>25</gco:Real>
                                                            
                            </transferSize>
                                                        
                            <onLine>
                                                                
                                <CI_OnlineResource>
                                                                        
                                    <linkage>
                                                                                
                                        <URL>http://qldspatial.information.qld.gov.au/catalogue/custom/search.page?q=%22Locality boundaries - Queensland%22</URL>
                                                                            
                                    </linkage>
                                                                    
                                </CI_OnlineResource>
                                                            
                            </onLine>
                                                        
                        
                        </MD_DigitalTransferOptions>
                                            
                    </distributorTransferOptions>
                                    
                </MD_Distributor>
                            
            </distributor>
                        
            <transferOptions>
                                
                <MD_DigitalTransferOptions id="download">
                                        
                    <onLine>
                                                
                        <CI_OnlineResource>
                                                        
                            <linkage>
                                                                
                                <URL/>
                                                            
                            </linkage>
                                                        
                            <function>
                                                                
                                <CI_OnLineFunctionCode codeList="http://www.isotc211.org/2005/resources/Codelist/gmxCodelists.xml#CI_OnLineFunctionCode" codeListValue="download">download</CI_OnLineFunctionCode>
                                                            
                            </function>
                                                    
                        </CI_OnlineResource>
                                            
                    </onLine>
                                    
                </MD_DigitalTransferOptions>
                            
            </transferOptions>
                    
        </MD_Distribution>
            
    </distributionInfo>
        
    <dataQualityInfo>
                
        <DQ_DataQuality>
                        
            <scope>
                                
                <DQ_Scope>
                                        
                    <level>
                                                
                        <MD_ScopeCode codeList="http://www.isotc211.org/2005/resources/Codelist/gmxCodelists.xml#MD_ScopeCode" codeListValue="dataset">dataset</MD_ScopeCode>
                                            
                    </level>
                                        
                
                </DQ_Scope>
                            
            </scope>
                        
            <report>
                                
                <DQ_CompletenessOmission>
                                        
                    <result>
                                                
                        <DQ_ConformanceResult>
                                                        
                            <specification gco:nilReason="missing"/>
                                                        
                            <explanation>
                                                                
                                <gco:CharacterString>Complete for all populated land areas in the state.&#13;
On the 9th March 2017 three new attributes were added, LOCALITY (Locality name in Upper and Lower case), LGA (LGA name in Upper and Lower case) and CA_AREA_SQKM (area of polygon in square kms).</gco:CharacterString>
                                                            
                            </explanation>
                                                        
                            <pass gco:nilReason="inapplicable"/>
                                                    
                        </DQ_ConformanceResult>
                                            
                    </result>
                                    
                </DQ_CompletenessOmission>
                            
            </report>
                        
            <report>
                                
                <DQ_ConceptualConsistency>
                                        
                    <result>
                                                
                        <DQ_ConformanceResult>
                                                        
                            <specification gco:nilReason="missing"/>
                                                        
                            <explanation>
                                                                
                                <gco:CharacterString>This product consists of contiguous polygons in a single layer.</gco:CharacterString>
                                                            
                            </explanation>
                                                        
                            <pass gco:nilReason="inapplicable"/>
                                                    
                        </DQ_ConformanceResult>
                                            
                    </result>
                                    
                </DQ_ConceptualConsistency>
                            
            </report>
                        
            <report>
                                
                <DQ_AbsoluteExternalPositionalAccuracy>
                                        
                    <result>
                                                
                        <DQ_ConformanceResult>
                                                        
                            <specification gco:nilReason="missing"/>
                                                        
                            <explanation>
                                                                
                                <gco:CharacterString>The positional accuracy of the data is equivalent to that of the Spatial Cadastre at the time of the extraction.</gco:CharacterString>
                                                            
                            </explanation>
                                                        
                            <pass gco:nilReason="inapplicable"/>
                                                    
                        </DQ_ConformanceResult>
                                            
                    </result>
                                    
                </DQ_AbsoluteExternalPositionalAccuracy>
                            
            </report>
                        
            <report>
                                
                <DQ_NonQuantitativeAttributeAccuracy>
                                        
                    <result>
                                                
                        <DQ_ConformanceResult>
                                                        
                            <specification gco:nilReason="missing"/>
                                                        
                            <explanation>
                                                                
                                <gco:CharacterString>The attributes in the dataset are Administrative Area Type, Administrative Area Name and DCDB Locality Code. The attribute accuracy is 98% reliable.</gco:CharacterString>
                                                            
                            </explanation>
                                                        
                            <pass gco:nilReason="inapplicable"/>
                                                    
                        </DQ_ConformanceResult>
                                            
                    </result>
                                    
                </DQ_NonQuantitativeAttributeAccuracy>
                            
            </report>
                        
            
            
            
            
            <lineage>
                                
                <LI_Lineage>
                                        
                    <statement>
                                                
                        <gco:CharacterString>Locality boundaries are maintained in accordance with the Queensland Place Names Act 1994 and aligned with cadastral boundaries as shown on Queensland Place Names (QPN) plans. QPN plan boundaries are reflected in the Spatial Cadastre (DCDB) and each parcel has a locality attribute. To create this product, the Spatial Cadastre is extracted then dissolved based on the locality attribute. The resulting polygons are checked for differences against the previous version of the product (only official boundary alterations or cadastral boundary upgrades should be present).</gco:CharacterString>
                                            
                    </statement>
                                        
                    
                
                </LI_Lineage>
                            
            </lineage>
                    
        </DQ_DataQuality>
            
    </dataQualityInfo>
        
    <metadataConstraints>
                
        <MD_SecurityConstraints>
                        
            <useLimitation>
                                
                <gco:CharacterString>Public</gco:CharacterString>
                            
            </useLimitation>
                        
            <classification>
                                
                <MD_ClassificationCode codeList="http://www.isotc211.org/2005/resources/Codelist/gmxCodelists.xml#MD_ClassificationCode" codeListValue="unclassified"/>
                            
            </classification>
                        
            <classificationSystem>
                                
                <gco:CharacterString>Metadata Access Level</gco:CharacterString>
                            
            </classificationSystem>
                    
        </MD_SecurityConstraints>
            
    </metadataConstraints>
    
</MD_Metadata>